GRB	Time [UT]	Trigger Number	BAT RA (J2000)	BAT Dec (J2000)
180205A	04:25:29.3	808625	126.819	11.536
180204A	02:36:16	808483	330.123	30.852
180115A	04:16:03	805318	12.040	-15.632
180113A	02:47:06	804999	19.211	68.682
180111A	16:42:06	804692	149.782	48.254
180103A	01:08:30	803066	159.585	-53.555
180102A	15:49:44	802999	203.078	62.161
171222A	16:24:59	799669	148.273	35.624
171216A	03:06:59	797441	212.013	-50.500
171212A	11:57:21	796778	293.920	20.597
171211A	09:27:32	796469	98.154	-58.689
171209A	14:46:16	796100	139.387	-30.523
171205A	07:20:43	794972	167.423	-12.599
171123A	14:14:47	791922	186.198	32.503
171120A	13:20:02	791201	163.774	22.461
171115A	18:51:20	790053	278.392	9.118
171103A	23:10:32	785850	249.510	-10.206
171102B	15:20:29	785510	288.096	22.434
171027A	08:23:06	783479	61.683	-2.601
171020A	23:07:10	780845	39.260	15.199
171011A	18:32:47	778154	236.766	-10.064
171010B	20:59:24.168	778019|Ground Analysis	34.123	-54.410
171007A	11:57:38	777215	135.635	42.930
171004A	07:55:32	776347	139.150	52.684
171001A	18:25:40	775553	22.080	-11.928
170921A	14:28:48	773509	26.840	30.880
170912B	06:33:46	772052	215.464	-61.997
170912A	01:34:16	772006	167.386	-54.343
170906C	07:26:17	770981	128.659	70.805
170906B	00:55:46	770958	232.221	-28.251
170906A	00:43:11	770957	203.949	-47.088
170903A	12:49:07	770528	254.532	34.985
170827A	05:12:28	769567	276.189	-40.202
170823A	22:16:48	769177	188.713	35.549
170822A	09:11:51	768939	94.375	55.000
170813A	01:13:16	767563	201.057	-5.527
170810A	22:01:41	767284	187.928	3.664
170807A	21:56:09	766821	143.434	-17.348
170804A	12:01:37	766194	6.404	-64.781
170803A	17:30:27	766081	174.947	-16.312
170728B	23:03:19	765130	238.019	70.111
170728A	06:53:28	765008	58.901	12.169
170724A	00:48:44	764204	150.057	-1.025
170714A	12:25:32	762535	34.322	1.962
170711A	22:20:25	761622	45.782	47.845
170710B	08:10:06.251	Ground Analysis	43.122	42.679
170710A	00:45:44	761119	231.851	-38.523
170705A	02:45:47	760064	191.708	18.298
170629A	12:53:33	759159	129.963	-46.585
170626A	09:37:23	758766	165.409	56.479
170607A	23:21:33	756284	7.358	9.225
170604A	19:08:50	755867	342.645	-15.406
170531B	22:02:09	755354	286.901	-16.414
170531A	20:07:32	755343	121.218	-14.017
170526A	13:35:08	754549	4.723	1.277
170524B	10:40:40	754265	90.864	-17.086
170524A	19:49:15	754322	319.488	48.603
170519A	05:10:02	753445	163.429	25.374
170516A	12:49:20	753110	41.543	-55.929
170428A	09:13:42	750298	330.051	26.913
170419B	21:33:46	748947	60.494	-15.121
170419A	13:26:40	748898	79.854	-21.433
170405A	18:39:48	745797	219.824	-25.236
170331A	01:40:46	744791	323.778	-24.406
170330A	22:29:51	744773	283.331	-13.458
170325A	07:56:57.95	Ground Analysis	127.483	20.526
170318B	15:27:52	743086	284.229	6.335
170318A	12:11:56	743065	305.662	28.408
170317A	09:45:59	742866	93.087	50.500
170311A	08:08:42	741965	280.539	-30.041
170307A	20:24:21	741528	13.510	9.538
170306A	07:06:12	741220	263.087	-44.765
170208B	22:33:38	737463	127.145	-9.027
170208A	18:11:16	737438	166.544	-46.786
170206B	21:57:25	737125	271.784	11.175
170205A	12:39:09	736843	262.157	-0.058
170203A	00:03:41	736432	332.861	25.186
170202A	18:28:02	736407	152.526	5.021
170131A	23:15:13	736107|Ground Analysis	341.447	64.006
170127B	15:13:28	735331	19.997	-30.340
170127A	14:21:15	735326	174.382	-45.827
170126A	11:30:42	735188	263.623	-64.755
170115A	20:50:08	733103	332.145	13.750
170113A	10:04:05	732526	61.735	-71.933
170112A	02:02:00	732188	15.232	-17.233
170111A	00:33:28	731887	20.688	-32.541
170101A	02:26:01	729293	267.089	11.642
161224A	22:13:34.64	728268	204.820	-18.028
161220A	08:33:30	727610	350.841	-47.480
161219B	18:48:39	727541	91.717	-26.801
161218A	03:47:36	727288	245.250	-4.113
161217A	01:27:34	727167	150.658	52.344
161214B	17:20:10	726885	3.857	7.342
161202A	23:12:52	725036	356.904	19.652
161129A	07:11:39	724438	316.221	32.137
161117B	09:49:43	722642	298.830	-67.681
161117A	01:35:36	722604	322.053	-29.612
161113A	17:30:26	722063	179.794	-5.316
161108A	03:32:33	721234	180.776	24.905
161105A	04:53:02	720697	120.198	-44.763
161104A	09:42:26	720568	77.906	-51.447
161022A	02:43:40	718655	128.988	54.366
161017A	17:51:51	718023	142.770	43.125
161014A	12:31:22	717500	332.626	7.467
161011A	05:54:54	716876	245.687	8.313
161007A	21:25:43	716127	103.408	23.289
161004B	23:07:59	715246	112.156	-39.896
161004A	12:58:28	715084	263.127	-0.947
161001A	01:05:16	714404	71.923	-57.261
160927A	18:04:49	713782	256.268	17.334
160917A	11:30:19	712505	295.652	46.400
160912A	16:07:43	711914	301.595	57.585
160905A	11:18:58	711084	162.249	-50.803
160827A	15:46:45	710050	179.274	-29.178
160826A	06:12:38	709907	183.120	-67.664
160824A	23:22:25	709765	80.087	40.039
160821B	22:29:13	709357	280.005	62.387
160821A	20:34:30	709351	171.254	42.345
160815A	11:45:11	708598	288.616	84.298
160804A	01:32:47	707231	221.652	10.002
160801A	09:28:30	706871	212.763	13.485
160726A	01:34:07	706052	98.809	-6.617
160716A	01:08:30	704572	190.502	-61.364
160714A	02:19:15	704310	234.490	63.809
160712A	19:53:36	704155	304.166	-26.965
160709A	19:49:03.464	Ground Analysis	235.996	-28.188
160705B	21:02:07	703176	168.107	46.707
160703A	12:10:05	702699	287.414	36.913
160630A	04:04:09	702252	198.238	-56.029
160625A	22:40:31	701503	176.939	-65.142
160624A	11:27:01	701288	330.210	29.667
160612A	20:12:48	Ground Analysis	348.364	-25.375
160611A	21:40:34	690598	164.417	-70.396
160607A	11:14:00	689597	13.661	-4.952
160601A	14:43:02	688452	234.923	64.532
160525B	09:25:07	687522	149.438	51.197
160525A	01:33:59	687492	103.575	-0.199
160519A	00:17:33	686818	71.122	31.246
160506A	03:29:15	685245	265.857	-46.127
160504A	19:30:37	685124	170.073	56.002
160501A	00:40:31	684679	286.389	-17.249
160425A	23:26:11	684098	280.339	-54.343
160424A	11:49:07	683906	319.482	-60.408
160419A	15:16:37	683383	16.418	-27.341
160417A	04:23:41	683076	120.260	7.646
160412A	04:23:54	682522	33.074	-67.636
160411A	01:28:51	682339	349.370	-40.258
160410A	05:09:48	682269	150.695	3.461
160409A	05:54:14	682162|Ground Analysis	289.705	-5.390
160408A	06:25:43	682059	122.561	71.128
160327A	09:16:07	680655	146.698	54.018
160325A	07:00:03	680436	15.697	-72.702
160321A	15:55:27	680017	99.420	5.753
160314A	11:32:51	679120	112.766	17.024
160313A	02:37:15	678929	183.821	57.278
160303A	10:54:42	677495	168.710	22.710
160228A	17:34:32	676595	107.311	26.946
160227A	19:32:08	676423	195.034	78.672
160225A	14:20:56	675998	164.217	53.659
160223A	01:44:25	675361	147.603	9.369
160220B	11:10:53	674734	259.851	-18.123
160220A	01:25:25	674670	236.942	-18.539
160216A	19:10:31	673978	311.679	-71.550
160203A	02:13:10	672525	161.967	-24.772
160131A	08:20:31	672236	78.170	-7.037
160127A	08:43:07	671828	225.966	0.080
160123A	08:58:20	671447	150.277	-33.790
160121A	13:50:37	671231	109.080	-23.590
160119A	03:06:08	671014	211.916	20.453
160117B	13:59:27	670800	132.190	-16.340
160117A	10:13:39	670793	20.367	-0.677
160104A	11:24:10	669319	76.808	11.334
151229A	06:50:27	668689	329.363	-20.732
151228B	22:47:14	668641	344.431	8.081
151228A	03:05:12	668543	214.017	-17.665
151215A	03:01:28	667392	93.622	35.529
151210A	03:12:56	666931	65.080	-71.225
151205B	21:43:14	666378	41.190	-43.461
151205A	15:46:00	666352	229.291	35.767
151127A	09:08:49	665268	19.664	-82.762
151122A	17:00:40	664653|Ground Analysis	299.704	-19.899
151118A	03:06:30	664078	57.169	65.889
151114A	09:59:34	663490	120.947	-61.033
151112A	13:44:48	663179	2.050	-61.680
151111A	08:33:23	663074	56.850	-44.154
151107A	17:19:36	662757	217.139	-59.680
151031A	05:50:30	662330	83.189	-39.125
151029A	07:49:39	662086	38.537	-35.356
151027B	22:40:40	661869	76.188	-6.428
151027A	03:58:24	661775	272.498	61.361
151023A	13:43:04	661253	271.012	-8.289
151022A	14:06:32	661036	349.223	55.812
151021A	01:29:12	660671	337.647	-33.189
151006A	09:55:01	657750	147.426	70.508
151004A	18:09:04	657564	213.613	-64.956
151001B	18:29:36	657321	336.974	64.637
151001A	15:04:22	657286	233.722	10.984
150925A	04:09:28	656604	227.538	-19.640
150915A	21:18:24	655721	319.675	-34.874
150911A	18:40:21	655262	67.428	5.731
150910A	09:04:48	655097	5.677	33.466
150907B	23:26:27	654803	255.265	-63.798
150901A	15:26:35	654042	183.609	25.076
150831B	22:19:27	653978	271.030	-27.243
150831A	10:34:12	653838	221.034	-25.619
150821A	09:44:00	652847	341.913	-57.883
150819A	00:50:08	652643	42.340	9.787
150818A	11:36:32	652603	230.340	68.342
150817A	02:05:13	652334	249.635	-12.050
150811A	04:06:09	651882	291.347	-15.434
150801B	22:41:48	650977	82.961	-5.374
150728A	12:51:11	650617	292.271	33.906
150727A	19:02:02	650530	203.968	-18.320
150724A	05:46:35	650141	97.549	-19.147
150722A	09:57:53	649916	218.297	-35.196
150720A	14:02:09	649706	119.577	-28.281
150716A	07:06:43	649157	278.481	-12.978
150711A	18:23:03	648601	221.624	-35.464
150710B	08:05:35	Ground Analysis|20542	83.191	-46.960
150710A	00:28:02	648437	194.484	14.309
150626B	20:22:52	646786	187.627	66.794
150626A	02:12:49	646603	111.353	-37.803
150616A	22:49:19	644259	314.713	-53.403
150615A	04:42:27	643833	107.554	-22.466
150607A	07:55:09	642620	140.015	68.436
150530B	13:28:38	Ground Analysis|20522	7.496	44.290
150530A	11:42:18	642018	327.511	57.519
150527A	06:48:55	641698	288.962	4.195
150513A	20:31:19	640584	49.044	-22.868
150430A	00:21:28	639433	326.481	-27.919
150428B	03:12:03	639278	292.661	4.114
150428A	01:30:40	639275	188.539	6.967
150424A	07:42:57	638946	152.305	-26.646
150423A	06:28:04	638808	221.601	12.264
150413A	13:54:58	637899	190.396	71.839
150407A	00:31:10	637342	216.603	38.541
150403A	21:54:16	637044	311.505	-62.706
150402A	00:37:46	636865|Ground Analysis|20486	173.658	40.992
150323C	17:05:21	636005	192.625	50.165
150323B	09:28:38	635929|Ground Analysis|20485	260.447	38.316
150323A	02:49:14	635887	128.173	45.442
150318A	07:04:53	635289	324.990	-61.461
150317A	04:22:42	635148	138.995	55.477
150314A	04:55:16	634795	126.661	63.839
150309A	23:03:06	634200	277.004	86.417
150302A	05:42:36	633237	175.515	36.852
150301B	19:38:04	633180	89.159	-57.969
150301A	01:04:28	632995	244.281	-48.732
150222A	16:56:40	632180	198.787	-12.151
150213B	22:31:30	631051	253.448	34.165
150212A	10:57:19	630876	285.497	47.389
150211A	11:52:11	630714	254.846	55.390
150206A	14:30:02	630019	10.076	-63.181
150204A	06:31:08	Ground Analysis|20477	160.241	-64.043
150203A	04:09:07	629578	98.394	6.952
150202A	23:10:02	629547	39.261	-33.132
150201A	13:46:59	629302	11.820	-37.620
150120B	07:21:55	627170	39.309	8.064
150120A	02:57:46	627137	10.330	33.980
150110B	22:08:30	624606	289.374	32.529
150103A	20:02:18	623368	131.674	-48.896
150101B	15:23:00	Ground Analysis|20464	188.044	-10.956
150101A	06:28:53	623158	312.599	36.669
141229A	11:49:02	Ground Analysis|20455	n/a	n/a
141225A	23:01:07	622476	138.754	33.774
141221A	08:07:10	622006	198.283	8.197
141220A	06:02:52	621915	195.058	32.146
141212B	13:23:48	621234	250.866	31.749
141212A	12:14:01	621229	39.167	18.163
141205A	08:05:17	620534|Ground Analysis|20444	92.859	37.876
141130A	23:10:56	620090	222.804	47.323
141121A	03:50:43	619182	122.665	22.206
141109B	07:47:39	618032	222.453	73.141
141109A	05:49:55	618024	144.563	-0.581
141102A	12:51:40	617313|Ground Analysis	208.614	-47.100
141031B	14:56:45	617149	356.883	41.355
141031A	07:18:26	617110	128.632	-59.160
141026A	02:36:51	616502	44.049	26.925
141022A	01:27:42	616061	241.930	-72.152
141020A	07:48:39	615873	225.054	55.328
141017A	18:25:28	615672	93.601	-58.596
141015A	09:12:59	615399	87.535	18.370
141005A	05:13:06	614415	291.103	36.098
141004A	23:20:54	614390	76.721	12.828
140930B	19:41:42	614094	6.360	24.298
140927A	05:15:11	613775	291.802	-65.400
140919A	15:15:15	613160	221.540	-32.153
140916A	10:43:47	612804	40.384	-39.688
140909A	06:56:51	Ground Analysis|20417	193.638	63.494
140907A	16:07:08	611933	48.133	46.596
140903A	15:00:30	611599	238.021	27.608
140901B	06:17:24	611389|Ground Analysis|20416	112.184	-29.209
140828A	06:54:14	610953	142.029	14.569
140824A	08:40:28	610501	206.627	33.285
140818B	18:44:16	609885	271.168	-1.354
140817A	07:02:01	609736	127.244	58.191
140730A	19:43:51	607742	56.350	-66.580
140719B	20:49:35.68	605700	39.731	-2.384
140719A	05:53:55.2	605612	171.571	-50.115
140716A	10:27:57.3	604792|Ground Analysis|20390	108.133	-60.150
140713A	18:43:45	604232	281.141	59.623
140710A	10:16:40	603954	41.088	35.499
140709B	15:15:45	603866	146.040	63.536
140709A	01:13:41	603810	304.666	51.222
140706A	19:33:33	603587	49.269	-38.058
140703A	00:37:17	603243	13.010	45.102
140629A	14:17:30	602884	249.017	41.897
140628A	13:35:37	602803	40.672	-0.378
140626A	00:33:01	602604	77.163	-82.625
140622A	09:36:04	602278	317.153	-14.412
140619A	11:38:35	602080	27.096	-39.249
140614C	20:06:56	Ground Analysis	147.423	71.945
140614B	06:38:11	601662	322.636	14.895
140614A	01:04:59	601646	231.171	-79.110
140611A	03:51:04	Ground Analysis|20385	349.939	-40.111
140610A	16:31:29	601259	286.261	3.899
140607A	17:13:31	601051	86.373	18.904
140606A	10:58:13	600951	201.799	37.599
140529A	09:28:06	Ground Analysis|20383	228.810	-41.042
140521A	17:34:18	599546	320.177	67.587
140518A	09:17:46	599287	227.231	42.396
140516A	20:30:54	599188	252.972	39.958
140515A	09:12:36	599037	186.071	15.099
140512A	19:31:49	598819	289.366	-15.087
140509A	02:22:13	598497	46.564	-62.662
140506A	21:07:36	598284	276.806	-55.556
140502A	08:30:20	597841	319.172	48.975
140430A	20:33:36	597722	102.942	23.033
140428A	22:40:50	597519	194.365	28.331
140423A	08:31:53	596901	197.276	49.838
140419A	04:06:51	596426	127.001	46.234
140414A	06:06:29	Ground Analysis|20375	195.310	56.902
140413A	00:09:40	595616	65.439	-51.188
140412A	22:20:49	595608	145.032	-65.826
140408A	13:15:54	595141	290.723	-12.585
140402A	00:10:06	594308	207.592	5.971
140331A	05:49:48	594081	134.860	2.755
140323A	10:23:11	592916	356.975	-79.916
140320A	02:12:45	592544	281.843	-11.188
140318A	00:09:07	592204	184.049	20.225
140311B	21:14:29	591392	252.333	52.733
140311A	21:05:16	591390	209.293	0.607
140305A	15:00:20	590446	344.497	15.448
140304A	13:22:31	590206	30.653	33.480
140302A	08:12:58	589685	253.862	-12.875
140301A	15:24:49	589590	69.521	-34.249
140215A	04:07:10	586680	104.129	41.787
140213A	19:21:37	586569	105.166	-73.136
140211A	12:23:03	586289	124.233	20.237
140209A	07:30:57	586071	81.328	32.488
140206A	07:17:20	585834	145.321	66.762
140129B	12:51:09	585149	326.764	26.215
140129A	03:23:59	585128	37.851	-1.594
140118A	01:32:02	584136	330.999	-17.937
140114A	11:57:40	583861	188.498	27.942
140108A	17:18:42	583338	325.129	58.749
140103A	00:30:43	582773	232.114	37.752
140102A	21:17:37	582760	211.915	1.332
131229A	06:39:24	582374	85.236	-4.401
131227A	04:44:51	582184	67.369	28.879
131226A	05:47:39	582123	301.309	-64.943
131224B	03:25:08	Ground Analysis	163.722	-14.177
131205A	09:18:38	580267	131.573	-60.181
131202A	15:12:09	579982	344.005	-21.650
131128A	15:06:24	579683	355.305	31.293
131127A	10:11:35	579571	332.714	36.596
131120A	14:37:56	578227	278.937	-12.026
131117A	00:34:04	577968	332.354	-31.761
131110A	11:53:11	Ground Analysis|20327	69.268	-17.259
131105A	02:04:44	576738	70.973	-63.005
131103A	22:07:25	576562	348.948	-44.645
131031A	11:33:31	576277|Ground Analysis|20317	29.618	-1.603
131030A	20:56:18	576238	345.074	-5.380
131024B	21:35:31	575754	144.464	44.284
131024A	12:26:20	575707	290.544	-64.599
131018A	12:47:48	574935	98.473	-19.897
131004A	21:41:03	573190	296.108	-2.952
131002B	10:54:28	572742	75.135	-75.701
131002A	06:54:21	572721	253.103	82.036
131001A	05:37:24	Ground Analysis|20297	8.304	25.557
130929A	09:36:33	572308	135.028	-47.554
130925A	04:11:24	571830	41.186	-26.146
130919A	11:07:24	571271	207.281	-10.353
130913A	00:28:21	570531|Ground Analysis	341.960	1.294
130912A	08:34:57	570465	47.606	13.999
130907A	21:41:13	569992	215.898	45.602
130831B	13:48:19	568855	192.454	-29.187
130831A	13:04:16	568849	358.635	29.431
130829A	05:43:33	568417	182.426	46.520
130822A	15:54:17	567163	27.940	-3.219
130816B	04:53:38	566561	170.049	-57.527
130816A	01:46:55	566545	197.093	-58.996
130812A	22:22:52	566228	92.387	-13.285
130807A	10:25:43	565651	269.801	-27.616
130806A	02:51:33	565562	35.907	67.525
130803A	10:02:52	565263	220.256	-2.499
130727A	16:45:19.52	564342	330.790	-65.540
130725B	17:39:28	564028	214.233	-11.124
130725A	11:37:11	563980	230.060	0.624
130722A	08:19:19	563213	260.670	-2.979
130719A	05:47:49	562625	89.038	-11.591
130716A	10:36:53	561974	179.581	63.057
130708A	11:43:03.7	560515|Ground Analysis|20286	17.474	0.003
130701A	04:17:43	559482	357.224	36.100
130627B	12:00:50	559139	181.914	-55.706
130627A	08:55:03	559132	184.415	-37.114
130626A	10:51:03	559075	273.128	-9.525
130625A	07:00:39	558982	343.336	82.171
130623A	11:42:44.7	Ground Analysis|20284	20.723	-77.784
130615A	09:44:45	558271	274.963	-68.161
130612A	03:22:22	557976	259.771	16.729
130610A	03:12:13	557845	224.414	28.187
130609B	21:38:40	557828	53.776	-40.168
130609A	03:05:08	557782	152.680	24.124
130608A	23:14:21	557771	24.597	41.492
130606A	21:04:39	557589	249.390	29.796
130605A	23:41:42	557508	134.536	-33.477
130604A	06:54:26	557354	250.166	68.225
130603B	15:49:14	557310	172.222	17.063
130603A	05:59:32	557274	86.859	82.910
130529A	11:15:25	556930	24.274	-64.143
130528A	16:41:23	556870	139.405	87.300
130527A	14:21:30	556753	309.282	-24.726
130521A	22:49:16	556344	87.568	14.470
130518B	10:50:38	556105|Ground Analysis|20282	321.555	-20.148
130518A	13:55:07.4	556113	355.671	47.478
130515A	01:21:17	555880	283.436	-54.283
130514A	07:13:41	555821	296.278	-7.974
130511A	11:30:47	555600	196.654	18.709
130508A	17:08:53	555413	305.351	34.966
130505A	08:22:28	555163	137.060	17.485
130504A	02:05:34	555096	272.459	-16.320
130502A	17:50:30	554996	138.579	-0.134
130427B	13:20:41	554635	314.900	-22.548
130427A	07:47:57	554620	173.150	27.706
130420B	12:56:31	553996	183.095	54.376
130420A	07:28:29	553977	196.118	59.421
130419A	13:30:29	553918	355.278	9.900
130418A	19:00:53	553847	149.045	13.674
130408A	21:51:38	553132	134.398	-32.363
130327A	01:47:34	552063	91.984	55.732
130315A	12:45:32	551126	157.541	-51.794
130313A	16:08:11	550906	236.438	-0.355
130306A	23:51:01	550457	279.475	-11.682
130305A	11:39:16	550329|Ground Analysis|20234	116.774	52.037
130216B	18:58:12	548918|Ground Analysis|20233	58.866	2.036
130216A	22:15:24	548927	67.901	14.670
130215A	01:31:30	548760	43.486	13.387
130211A	03:36:32	548276	147.524	-42.330
130206A	19:36:28	547918	140.387	-58.193
130131B	19:10:08	547420	173.957	15.033
130131A	13:56:22	547407	171.091	48.064
130122A	23:44:09	546731	194.307	59.003
130102A	18:10:53	544784	311.435	49.838
121229A	05:00:21	544347	190.095	-50.588
121226A	19:09:43	544027	168.620	-30.413
121217A	07:17:47	542441	153.708	-62.354
121212A	06:56:13	541371	177.787	78.052
121211A	13:47:02	541200	195.575	30.173
121209A	21:59:11	540964	326.800	-8.232
121202A	04:20:05	540255	256.790	23.942
121201A	12:25:42	540178	13.473	-42.929
121128A	05:05:37	539866	300.589	54.301
121125A	08:32:27	539563	228.519	55.318
121123A	10:02:41	539358	307.334	-11.873
121117A	08:50:56	538696	31.617	7.432
121108A	17:47:39	537921	83.216	54.520
121102A	02:27:02	537266	270.896	-16.951
121031A	22:50:30	537195	170.772	-3.513
121028A	05:04:31	536897	271.903	-2.298
121027A	07:32:29	536831	63.598	-58.839
121024A	02:56:12	536580	70.481	-12.255
121017A	19:23:28	536172	288.820	-1.602
121014A	20:11:56	535960	166.645	-29.105
121011A	11:15:30	535764	260.204	41.123
121001A	18:23:02	535026	276.029	-5.667
120927A	22:40:46	534815	136.606	0.420
120923A	05:16:06	534402	303.781	6.255
120922A	22:30:28	534394	234.758	-20.181
120918A	11:16:10	534015	181.042	-32.762
120913B	23:55:58	533613	213.660	-14.508
120913A	20:18:21	533568	146.400	26.959
120911A	07:08:33	533268	357.966	63.090
120909A	01:42:03	533060	275.735	-59.432
120907A	00:24:23	532871	74.736	-9.323
120819A	13:10:14	531428	235.887	-7.304
120817B	04:02:29	531259|Ground Analysis|20226	8.310	-26.428
120817A	06:49:42	531267	250.692	-38.377
120816A	19:18:34	531223	282.133	-6.981
120815A	02:13:58	531003	273.976	-52.125
120811C	15:34:52	530689	199.690	62.297
120811A	02:35:18	530581	257.184	-22.735
120807A	07:09:37	530267	241.273	-47.455
120805A	21:28:09	530031	216.536	5.853
120804A	00:54:14	529686	233.951	-28.768
120803B	11:06:06	529606	314.223	53.298
120803A	07:22:16	529582	269.531	-6.733
120802A	08:00:51	529486	44.833	13.762
120729A	10:56:14	529095	13.078	49.936
120728A	22:25:11	529021	137.085	-54.437
120724A	06:39:02	528443	245.193	3.535
120722A	12:53:26	528195	230.489	13.249
120714B	21:18:46.57	526642	355.412	-46.196
120714A	07:46:46	526593	167.975	-30.625
120712A	13:42:27	526351	169.598	-20.051
120711B	03:11:02.58	526270	331.710	59.996
120703A	17:25:22	525671	339.353	-29.726
120701A	n/a	525477	80.338	-58.531
120630A	n/a	525451	352.300	42.495
120624B	22:19:51	525068	170.886	8.933
120612A	02:05:19	524128	126.723	-17.598
120521C	23:22:07	522656	214.288	42.144
120521B	09:07:48	522586	197.016	-52.742
120521A	05:59:42	522578	148.692	-49.422
120514A	01:12:49	522197	283.002	-4.258
120422A	07:12:03	520658	136.915	13.974
120404A	12:51:02	519380	235.002	12.883
120403B	20:33:56	519256	54.302	-89.029
120403A	01:05:23	519211	42.458	40.489
120401A	05:24:15	519043	58.057	-17.658
120328A	03:06:19	518792	241.607	-39.322
120327A	02:55:16	518731	246.854	-29.415
120326A	01:20:29	518626	273.906	69.248
120324A	05:59:11	518507	291.081	24.140
120320A	11:56:15	518200	212.517	8.682
120312A	16:06:28	517566	251.812	23.881
120311B	15:08:10	517489	258.551	-13.068
120311A	05:33:38	517469	273.075	14.297
120308A	06:13:38	517234	219.123	79.674
120305A	19:37:30	516997	47.549	28.495
120302A	01:55:39	Ground Analysis|20214	122.426	29.642
120229A	14:35:11	516571	20.033	-35.796
120224A	04:39:56	515976	40.937	-17.779
120219A	14:30:08	515375	129.862	51.006
120218A	00:49:22	515277	319.7641	-25.4626
120215A	00:41:15	515015	30.057	8.790
120213A	00:27:19	514767	300.987	65.413
120212A	09:11:22	514709	43.086	-18.043
120211A	11:58:28	514586	87.781	-24.795
120121A	09:42:19	512164	249.363	-23.963
120119A	04:04:30.21	512035	120.029	-9.076
120118B	17:00:21	512003	124.862	-7.178
120116A	18:06:28	511866	16.240	33.927
120114A	16:20:09	511739|Ground Analysis	317.9043	57.0358
120106A	14:16:24	511235	66.129	64.050
120102A	02:15:55	510922	276.224	24.713
111229A	22:37:52	510736	76.561	-84.687
111228A	15:44:43	510649	150.063	18.284
111225A	03:50:37	510341	13.158	51.573
111215A	14:04:08	509717	349.582	32.440
111212A	09:23:07	509543	310.442	-68.585
111210A	14:37:03	509419	191.493	-7.173
111209A	07:12:08	509336	14.350	-46.799
111208A	08:28:11	509285|Ground Analysis|20190	290.2151	40.6686
111207A	14:16:59	Ground Analysis|20191	92.924	-39.504
111204A	13:37:28	509018	336.651	-31.414
111201A	14:22:45	508800|Ground Analysis|20188	190.4854	32.9935
111129A	16:18:14	508712	307.415	-52.722
111126A	18:57:42	Ground Analysis	276.057	51.461
111123A	18:13:21	508319	154.845	-20.639
111121A	16:26:24	508161	154.746	-46.670
111117A	12:13:41	507901	12.702	23.021
111109A	02:57:46	507342	118.248	-41.588
111107A	00:50:24	507185	129.487	-66.520
111103B	10:59:03	506903	265.691	1.605
111103A	10:35:13	506902	327.111	-10.532
111029A	09:44:40	506519	44.785	57.101
111026A	06:47:29	506291	244.256	-47.435
111022B	17:13:04	506074	108.927	49.663
111022A	16:07:04	506070	275.871	-23.666
111020A	06:33:49	505926	287.029	-38.031
111018A	17:26:24	505801	271.482	-3.880
111016A	18:37:04	505646	153.826	27.474
111008A	22:12:58	505054	60.439	-32.708
111005A	08:05:14	504779	223.315	-19.722
110928A	01:51:31	504215	257.745	36.547
110921A	13:51:20	503652	294.094	36.355
110915A	13:20:44	503219	310.830	-0.713
110827A	00:01:52	501520	164.059	53.817
110820A	17:38:27	501095	343.203	70.298
110818A	20:37:49	500914	317.373	-63.981
110808A	06:18:54	458918	57.322	-44.177
110801A	19:49:42	458521	89.415	80.958
110731A	11:09:30	458448	280.513	-28.536
110726A	01:30:40	458059	286.713	56.070
110719A	06:09:11	457553	24.570	34.578
110715A	13:13:50	457330	237.665	-46.237
110709B	21:32:39	456967|456969	164.668	-23.470
110709A	15:24:29	456939	238.895	40.918
110625A	21:08:28	456073	286.751	6.755
110610A	15:21:32	455155	308.205	74.827
110530A	15:31:02	454473	282.045	61.953
110521A	15:51:31.4	453788	120.132	45.818
110520A	20:28:48	453747	134.363	56.418
110519A	02:12:16	453628	261.638	-23.426
110503A	17:35:45	452685	132.799	52.211
110422A	15:41:55	451901	112.057	75.100
110420B	22:42:11	451794	320.045	-41.277
110420A	11:02:24	451757	2.164	-37.877
110414A	07:42:14	451343	97.876	24.349
110412A	07:33:21	451191	133.491	13.488
110411A	19:34:11	451165	291.427	67.706
110407A	14:06:41	450884	186.022	15.726
110402A	00:12:57	450545	197.432	61.247
110319B	19:34:02	Ground Analysis|20158	326.088	-56.774
110319A	02:16:41	449578	356.510	-66.008
110318B	15:27:09	449549	211.691	-51.577
110318A	13:14:19	449542	338.292	-15.278
110315A	23:57:04	449399	279.205	17.537
110312A	17:55:37	449074	157.500	-5.259
110305A	06:38:01	448229	260.877	-15.810
110223B	21:25:48	446677	150.340	-68.329
110223A	20:56:59	446674	345.386	87.586
110213A	05:17:29	445414	42.978	49.278
110212A	01:09:08	445321	69.025	43.716
110210A	09:52:41	445141	13.108	7.778
110208A	21:10:46	445038	22.487	-20.561
110207A	11:17:20	444912	12.540	-10.790
110205A	02:02:41	444643	164.603	67.533
110201A	09:35:08	444230	137.489	88.610
110128A	01:44:33	443861	193.871	28.108
110119A	22:20:58	442978	348.589	5.982
110112A	04:12:18	442039	329.936	26.470
110107A	21:15:51	Ground Analysis|20154	299.890	41.889
110106B	21:26:17	441676	134.155	47.005
110106A	15:25:16	441664	79.295	64.199
110102A	18:52:25	441454	245.877	7.617
101225A	18:37:45	441015	0.2037	44.5739
101224A	05:27:13	440955	285.939	45.706
101219B	16:27:53	440635	12.259	-34.556
101219A	02:31:29	440606	74.586	-2.527
101213A	10:49:23	440285	241.297	21.905
101204A	23:53:29	439806|Ground Analysis|20153	167.548	-20.434
101201A	10:01:48	439595|439596|Ground Analysis|20152	1.955	-16.196
101129A	15:39:31	439471|Ground Analysis|20151	155.921	-17.645
101117B	19:13:23	438675	172.991	-72.651
101114A	00:32:50	438392|Ground Analysis|20150	303.193	14.029
101030A	15:56:29	437408	166.390	-16.389
101024A	11:39:29.82	437016	66.465	-77.261
101023A	22:50:12	436981	317.949	-65.389
101020A	23:40:41	436737	189.607	23.129
101017A	10:32:47	436429	291.377	-35.141
101011A	16:58:35	436094	48.274	-65.990
101008A	16:43:15	435903	328.882	37.060
100928A	02:19:52	435160	223.037	-28.542
100924A	03:58:08	434843	0.672	7.004
100917A	05:03:25	434360	289.250	-17.120
100915A	01:31:05	434178	315.664	65.676
100906A	13:49:27	433509	28.697	55.634
100905A	15:08:14	433442	31.542	14.919
100904A	01:33:43	433273	172.907	-16.185
100902A	19:31:54	433160	48.626	30.970
100901A	13:34:10	433065	27.252	22.751
100823A	17:25:35	432420	20.706	5.848
100816A	00:37:51	431764	351.738	26.568
100814A	03:50:11	431605	22.479	-17.990
100807A	09:13:13	431128	55.283	67.665
100805A	04:12:42	430957	299.846	52.618
100802A	05:45:36	430603	2.482	47.752
100728B	10:31:55	430172	44.051	0.296
100728A	02:18:24	430151	88.753	-15.259
100727A	05:42:17	430094	154.187	-21.417
100725B	11:24:34	429969	290.029	76.955
100725A	07:12:52	429954	166.468	-26.667
100724A	00:42:19	429868	194.569	-11.095
100719A	03:30:57	429357	112.319	-5.857
100704A	03:35:08	426722	133.639	-24.202
100702A	01:03:47	426438	245.693	-56.549
100628A	08:16:40	426114	225.943	-31.653
100625A	18:32:28	425647	15.796	-39.091
100621A	03:03:32	425151	315.309	-51.102
100619A	00:21:07	424998	84.618	-27.012
100615A	01:59:03	424733	177.208	-19.483
100614A	21:38:26	424716	263.534	49.232
100606A	19:12:41	424031	350.617	-66.234
100526B	19:00:38	423184	0.777	-37.913
100526A	16:26:10	423181	230.792	25.623
100522A	03:45:52	422783	6.990	9.397
100514A	18:53:58	421962	328.821	29.170
100513A	02:07:08	421814	169.606	3.617
100508A	09:20:42	421386	76.263	-20.744
100504A	19:20:59	421124	255.575	-35.590
100427A	08:31:55	Ground Analysis|20137	89.171	-3.461
100425A	02:50:45	420398	299.161	-26.463
100424A	16:32:42	420367	209.453	1.512
100423A	00:34:59	420247	136.471	21.487
100420A	05:22:42	419932	296.090	55.755
100418A	21:10:08	419797	256.358	11.457
100413B	08:42:41	419380	356.8264	51.2704
100413A	17:33:28	419404	266.223	15.835
100401A	07:07:31.9	417974|Ground Analysis|20133	290.813	-8.257
100324A	00:21:27	Ground Analysis|20130	98.612	-9.735
100316D	12:44:50	416135	107.599	-56.275
100316C	08:57:59	416115	32.309	-67.992
100316B	08:01:36	416103	163.499	-45.464
100316A	02:23:00	416076	251.953	71.819
100305A	09:05:38	414905	168.373	42.381
100302A	19:53:06	414592	195.504	74.568
100224A	15:20:10	413805|Ground Analysis	83.467	-7.994
100219A	15:15:46	412982	154.202	-12.555
100216A	10:07:00	412522|Ground Analysis|20127	154.263	35.524
100213B	22:58:34	412220	124.320	43.464
100213A	22:27:48	412217	349.379	43.370
100212A	14:07:22	412081	356.445	49.492
100206A	13:30:05	411412	47.168	13.175
100205A	04:18:43	411248	141.385	31.740
100203A	18:31:07	Ground Analysis|411011	96.225	4.793
100119A	18:25:25	383063	299.308	-53.149
100117A	21:06:19	382941	11.280	-1.586
100115A	11:15:19	Ground Analysis|20126	3.333	-0.817
100111A	04:12:49	382399	247.029	15.539
091221	20:52:52	380311	55.798	23.243
091208B	09:49:57	378559	29.411	16.881
091208A	08:46:00	378554	0.295	65.680
091130B	17:59:04	377487	203.149	34.086
091127	23:25:45	377179	36.581	-18.948
091112	17:41:21	375659	257.751	-36.729
091109B	21:49:03	375409	112.750	-54.092
091109A	04:57:43	375246	309.252	-44.177
091104	08:49:22	374875	208.723	47.391
091102	14:34:38	374598	72.622	-72.527
091029	03:53:22	374210	60.166	-55.954
091026	13:11:30	373871	276.657	-86.113
091024	08:56:01	373674	339.240	56.885
091020	21:36:44	373458	175.727	50.977
091018	20:48:19	373172	32.191	-57.546
090929B	10:09:07	371050	117.712	-0.645
090927	10:07:16	370846	343.929	-70.973
090926B	21:55:48	370791	46.310	-38.997
090916	07:00:44	362818	126.582	25.941
090915	15:35:36	Ground Analysis|20112	237.990	15.480
090912	15:50:29	362633	188.046	61.475
090904B	01:24:18	361831	264.194	-25.219
090904A	01:01:06	361830	100.855	50.235
090831C	21:30:25	361489	108.294	-25.112
090827	19:06:26	361029|Ground Analysis|20110	18.435	-50.899
090815C	23:21:39	360068	64.490	-65.943
090814A	00:52:19	359951	239.613	25.586
090813	04:10:43	359884	225.065	88.571
090812	06:02:08	359711	353.20	-10.609
090809	17:31:14	359530	328.665	-0.083
090807	15:00:27	359378	273.741	10.279
090728	14:45:45	358574	29.644	41.632
090727	22:42:18	358520	315.917	64.937
090726	22:42:27	358422	248.681	72.866
090720	06:38:08	357811|Ground Analysis	203.694	-10.335
090715B	21:03:14	357512	251.337	44.837
090715A	17:25:39	357498	152.102	10.006
090712	03:51:05	357072	70.097	22.525
090709B	15:07:42	356912	93.522	64.081
090709A	07:38:34	356890	289.944	60.728
090708	03:38:15	356776	154.632	26.616
090628	21:20:12	355942	237.038	-15.969
090621B	22:07:25	355359	313.455	69.034
090621A	04:22:43	355303	10.987	61.938
090618	08:28:29	355083	294.008	78.352
090607	05:30:17	354299	191.194	44.108
090531B	18:35:56	353728	252.070	-36.015
090531A	01:45:17	353627	178.672	7.824
090530	03:18:18	353567	179.400	26.590
090529	14:12:35	353540	212.446	24.450
090520	01:37:16	352671	11.613	-8.000
090519	21:08:56	352648	142.317	0.190
090518	01:54:44	352420	119.957	0.778
090516A	08:27:50	352190	138.246	-11.848
090515	04:45:09	352108	164.166	14.469
090510	00:23:00	351588	333.552	-26.598
090509	05:10:03	351525	241.422	-28.385
090429B	05:30:03	350854	210.672	32.167
090429A	04:53:39	350853	90.573	-52.389
090426	12:48:47	350479	189.082	32.978
090424	14:12:09	350311	189.531	16.829
090423	07:55:19	350184	148.891	18.165
090422	03:35:16	349931	294.746	40.398
090419	13:43:31	349592	197.006	-75.615
090418B	08:59:02	BATSS	225.910	17.224
090418A	11:07:40	349510	269.320	33.407
090417B	15:20:03	349450	209.687	47.015
090417A	13:17:23	349447	34.993	-7.141
090410	16:57:52	348929	334.956	15.419
090407	10:28:25	348650	68.979	-12.684
090404	15:56:30	348428	239.233	35.518
090401B	08:35:25	348152	95.095	-8.963
090401A	00:00:59	348128	350.920	29.762
090313	09:06:27	346386	198.400	8.086
090309A	23:29:13	345945	284.978	-25.274
090308A	18:01:23	345777	183.545	-48.754
090307A	03:46:37	345551	245.007	-28.647
090306B	23:07:02	BATSS	231.204	-6.958
090305A	05:19:51	345127	241.764	-31.572
090301A	06:55:55	344582	338.142	26.639
090205	23:03:14	342121	220.917	-27.848
090201	17:47:02	341749	92.051	-46.604
090129	21:07:15	341504	269.105	-32.793
090123	07:51:56	340895	6.794	-23.503
090118	13:54:02	BATSS	49.865	18.478
090113	18:40:39	339852	32.067	33.436
090111	23:58:21	339696	251.656	0.067
090107A	04:48:04	339295	302.409	4.744
090102	02:55:45	338895	128.248	33.107
081230	20:36:12	338633	37.330	-25.145
081228	01:17:40	338338	39.477	30.833
081226A	01:03:37	338177	120.478	-69.014
081222	04:53:59	337914	22.748	-34.095
081221	16:21:11	337889	15.801	-24.542
081211B	06:15:02	BATSS	168.231	53.845
081211A	11:48:10	337115	328.082	-33.818
081210	20:19:34	337073	70.485	-11.263
081203B	13:57:11	BATSS	228.789	44.427
081203A	13:57:11	336489	233.071	63.514
081128	17:18:44	335895	20.800	38.123
081127	07:05:08	335715	332.075	6.858
081126	21:34:10	335647	323.526	48.714
081121	20:35:32	335105	89.282	-60.612
081118	14:56:36	334877	82.572	-43.305
081109A	07:02:06	334112	330.798	-54.711
081104	09:34:42	333666	100.500	-54.722
081102	17:44:39	333427	331.178	52.991
081101	11:46:31	333320	95.836	-0.112
081029	01:43:56	332931	346.776	-68.179
081028A	00:25:00	332851	121.893	2.305
081025	08:22:02	BATSS	245.298	60.466
081024A	05:53:0	332516	27.891	61.352
081022	14:23:48	332399	226.584	12.409
081017	23:38:12	331964	230.209	-32.790
081016B	19:47:14	331856	14.582	-43.536
081012	13:10:23	331475	30.184	-17.627
081011	00:28:50	331332	220.363	33.548
081008	19:58:09	331093	279.968	-57.433
081007	05:23:52	330856	339.963	-40.146
080928	15:01:32	326115	95.061	-55.176
080919	00:05:13	325268	265.221	-42.375
080916B	14:44:47	324907	163.632	69.061
080916A	09:45:20	324895	336.289	-57.026
080915B	15:53:35	324805	213.088	-11.491
080915A	00:02:49	324744	17.911	-76.042
080913	06:46:54	324561	65.741	-25.127
080906	13:33:16	323984	228.055	-80.540
080905B	16:55:45	323898	301.746	-62.568
080905A	11:58:54	323870	287.663	-18.865
080903	01:12:23	323542	86.790	51.256
080822B	21:02:52	321376	63.560	25.760
080810	13:10:12	319584	356.783	0.310
080805	07:41:34	319036	314.231	-62.433
080804	23:20:14	319016	328.675	-53.189
080802	15:12:21	318832	270.729	-32.329
080727C	23:07:35	318170	32.638	64.130
080727B	08:13:24	318101	276.871	1.173
080727A	05:57:39	318094	208.416	-18.572
080725	10:26:14	317888	121.699	-13.984
080723A	04:19:24	317662	274.461	-6.910
080721	10:25:16	317508	224.481	-11.709
080714	17:52:56	316910	188.104	-60.274
080710	07:13:10	316534	8.259	19.484
080707	08:27:53	316204	32.627	33.100
080703	19:00:13	315819	101.822	-63.211
080702B	01:10:41	BATSS	355.616	-5.424
080702A	11:50:43	315710	313.049	72.278
080701	10:13:37	315615	45.944	75.481
080623	10:25:28	315080	237.667	-62.044
080613B	11:12:37	313954	173.806	-7.102
080607	06:07:27	313417	194.964	15.910
080605	23:47:57	313299	262.130	4.010
080604	07:27:01	313116	236.960	20.557
080603B	19:38:13	313087	176.554	68.061
080602	01:30:28	312958	19.177	-9.239
080524	04:13:00	312277	268.449	80.143
080523	21:21:51	312242	20.769	-64.060
080520	22:20:24	312047	280.179	-54.964
080517	21:22:51	311874	102.274	50.741
080516	00:17:07	311762	120.661	-26.146
080515	06:01:13	311658	3.166	32.564
080506	17:46:21	311159	329.467	38.961
080503	12:26:13	310785	286.686	68.803
080430	19:53:02	310613	165.331	51.682
080426	13:23:22	310219	26.510	69.469
080413B	08:51:12	309111	326.138	-19.981
080413A	02:54:19	309096	287.301	-27.677
080411	21:15:32	309010	37.961	-71.297
080409	01:22:57	308812	84.304	5.078
080330	03:41:16	308041	169.278	30.607
080328	08:03:04	307931	80.490	47.523
080325	04:09:17	307604	277.906	36.516
080320	04:37:38	306858	177.763	57.162
080319D	17:05:09	306793	99.479	23.982
080319C	12:25:56	306778	259.006	55.393
080319B	06:12:49	306757	217.919	36.300
080319A	05:45:42	306754	206.352	44.080
080315	02:25:01	306323	155.124	41.701
080310	08:37:58	305288	220.040	-0.164
080307	11:23:30	305011	136.629	35.151
080303	09:10:35	304549	112.019	-70.231
080229A	17:04:59	304379	228.220	-14.697
080218B	23:57:47	303631	177.927	-53.086
080218A	20:08:42	303609	355.941	12.159
080212	17:34:33	303105	231.145	-22.739
080210	07:50:05	302888	251.259	13.826
080207	21:30:21	302728	207.514	7.492
080205	07:55:51	302506	98.261	62.782
080130	11:13:59	BATSS	261.632	-53.190
080129	06:06:45	301981	105.297	-7.840
080123	04:21:57	301578	338.974	-64.930
080121	21:29:55	301491	137.235	41.841
071227	20:13:47	299787	58.132	-55.959
071129	00:03:55	297628	220.039	-26.667
071122	01:23:25	297114	276.576	47.102
071118	08:57:17	296856	299.839	70.130
071117	14:50:06	296805	335.026	-63.442
071112C	18:32:57	296504	39.218	28.368
071112B	18:23:31	296503	260.213	-80.884
071101	17:53:46	295779	48.179	62.524
071031	01:06:36	295670	6.399	-58.048
071028B	02:43:46	295492|Ground Analysis	354.163	-31.630
071028A	17:41:01	295527	119.828	21.473
071025	04:08:54	295301	355.065	31.784
071021	09:41:33	294974	340.573	23.764
071020	07:02:26	294835	119.666	32.857
071018	08:37:41	294645	164.685	53.822
071013	12:09:19	294120	279.501	33.846
071011	12:40:13	293924	8.395	61.132
071010C	22:20:22	293804|Ground Analysis	338.054	66.159
071010B	20:45:47	293795	150.531	45.733
071010A	03:41:12	293707	288.040	-32.385
071008	21:55:56	293587	151.571	44.303
071006	06:41:40	293250|Ground Analysis	335.294	-23.147
071003	07:40:55	292934	301.857	10.954
071001	16:31:48	292826	149.707	-59.763
070923	19:15:23	292004	184.623	-38.294
070920B	21:04:32	291728	0.127	-34.844
070920A	04:00:13	291614	100.968	72.250
070917	07:33:56	291292	293.923	2.420
070913	00:36:43	290843	228.737	-24.278
070911	05:57:44	290624	25.819	-33.484
070810B	15:19:17	287409	8.952	8.822
070810A	02:11:52	287364	189.947	10.747
070809	19:22:17	287344	203.767	-22.119
070808	18:28:00	287260	6.761	1.180
070805	19:55:45	287088	245.057	-59.957
070802	07:07:25	286809	36.903	-55.517
070731	09:33:22	286574	328.581	-15.740
070729	00:25:53	286373	56.296	-39.330
070724A	10:53:50	285948	27.824	-18.610
070721B	10:33:48	285654	33.128	-2.198
070721A	10:01:08	285653	3.144	-28.530
070714B	04:59:29	284856	57.853	28.294
070714A	03:20:31	284850	42.933	30.241
070704	20:05:57	283791	354.707	66.257
070628	14:41:02	283320	115.271	-20.281
070621	23:17:39	282808	323.806	-24.809
070616	16:29:34	282445	32.096	56.946
070612B	06:21:18	282073	261.716	-8.747
070612A	02:38:46	282066	121.355	37.258
070611	01:57:14	282003	2.004	-29.756
070531	02:10:18	280958	6.714	74.315
070529	12:48:28	280706	283.717	20.648
070521	06:51:11	279935	242.659	30.260
070520B	17:44:53	279898	121.886	57.588
070520A	13:05:10	279817	193.255	75.005
070518	14:26:21	279592	254.219	55.289
070517	11:20:58	279494	277.556	-62.305
070509	02:48:27	278903	237.874	-78.657
070508	04:18:18	278854	312.832	-78.382
070506	05:35:58	278693	347.203	10.711
070429B	03:09:04	277582	328.006	-38.857
070429A	01:35:10	277571	297.695	-32.420
070427	08:31:09	277356	28.871	-27.603
070420	06:18:14	276321	121.245	-45.564
070419B	10:44:06	276212	315.709	-31.266
070419A	09:59:26	276205	182.755	39.903
070412	01:27:03	275119	181.525	40.133
070411	20:12:33	275087	107.342	1.061
070406	00:50:39	274153	198.956	16.530
070330	22:51:31	273180	269.533	-63.799
070328	03:53:53	272773	65.113	-34.079
070326	16:29:12	BATSS	40.337	-66.989
070318	07:28:56	271019	48.486	-42.950
070306	16:41:28	263361	148.154	10.440
070227	22:21:59	262347|Ground Analysis	120.578	-46.302
070224	20:27:58	261880	178.988	-13.355
070223	01:15:01	261664	153.453	43.132
070220	04:44:33	261299	34.800	68.800
070219	01:10:16	261132	260.220	69.345
070209	03:33:42	259803	46.213	-47.376
070208	09:10:34	259714	197.891	61.942
070129	23:35:10	258408	36.995	11.728
070126	02:33:26	257741	33.503	-73.553
070110	07:22:42	255445	0.934	-52.978
070107	12:05:18	255029	159.422	-53.202
070103	20:46:39	254532	352.581	26.823
061222B	04:11:02	252593	105.353	-25.866
061222A	03:28:52	252588	358.254	46.524
061218	04:05:06	251863	149.260	-35.217
061217	03:40:08	251634	160.403	-21.152
061210	12:20:39	243690	144.521	15.613
061202	08:11:45	241963	105.255	-74.602
061201	15:58:37	241840	332.079	-74.568
061126	08:47:56	240766	86.615	64.204
061121	15:22:29	239899	147.228	-13.188
061110B	21:58:46	238174	323.912	6.872
061110A	11:47:21	238108	336.284	-2.252
061102	01:00:31	236430	148.394	-17.022
061028	01:26:22	235715	97.193	46.290
061027	10:15:02	235645	270.992	-82.239
061021	15:39:08	234905	145.146	-21.953
061019	04:19:07	234516	91.675	29.527
061007	10:08:09	232683	46.299	-50.496
061006	16:45:51	232585	110.998	-79.195
061004	19:50:31	232339	97.795	-45.903
061002	01:03:30	231974	220.356	48.726
060929	19:55:01	231702	263.148	29.825
060927	14:07:35	231362	329.547	5.370
060926	16:48:42	231231	263.926	13.039
060923C	13:33:03	230711	346.122	3.943
060923B	11:38:06	230702	238.193	-30.907
060923A	05:12:15	230662	254.623	12.341
060919	07:48:39	230115	276.900	-50.994
060912A	13:55:54	229185	5.285	20.971
060908	08:57:22	228581	31.828	0.335
060906	08:32:47	228316	40.709	30.362
060904B	02:31:04	228006	58.218	-0.729
060904A	01:03:21	227996	237.731	44.984
060825	02:59:58	226382	18.132	55.796
060814	23:02:19	224552	221.338	20.591
060813	22:50:23	224364	111.890	-29.844
060807	14:41:35	223217	252.520	31.591
060805A	04:47:49	222683	220.928	12.580
060804	07:28:20	222546	112.219	-27.225
060801	12:16:15	222154	212.989	16.988
060729	19:12:29	221755	95.287	-62.221
060728	22:24:31	221627	16.644	-41.390
060719	06:50:37	220020	18.420	-48.381
060717	09:07:39	219646	170.857	28.982
060714	15:12:00	219101	227.855	-6.544
060712	21:07:44	218582	184.067	35.540
060708	12:15:59	217805	7.831	-33.751
060707	21:30:19	217704	357.069	-17.904
060614	12:43:49	214805	320.877	-53.027
060607B	23:32:44	213934	42.043	14.755
060607A	05:12:13	213823	329.705	-22.496
060605	18:15:45	213630	322.128	-6.071
060604	18:19:00	213486	337.224	-10.945
060602A	21:32:12	213180	149.579	0.314
060526	16:28:30	211957	232.834	0.288
060522	02:11:19	211117	322.954	2.895
060516	06:43:35	210254	71.170	-18.126
060515	02:27:53	210084	127.277	73.561
060512	23:13:21	209755	195.748	41.209
060510B	08:22:15	209352	239.259	78.591
060510A	07:43:28	209351	95.860	-1.163
060507	01:53:12	208870	89.911	75.250
060505	06:36:01	208654	331.772	-27.815
060502B	17:24:41	208275	278.927	52.618
060502A	03:03:32	208169	240.937	66.604
060501	08:14:59	208050	328.374	44.002
060428B	08:54:39	207399	235.369	62.016
060428A	03:22:48	207364	123.540	-37.167
060427	11:43:11	207281	124.177	62.657
060424	04:16:20	206773	7.359	36.787
060421	00:39:23	206257	343.629	62.730
060418	03:06:08	205851	236.431	-3.640
060413	18:40:23	205096	291.287	13.746
060403	13:12:17	203755	282.338	8.327
060323	14:32:36	202505	174.421	50.000
060322	23:00:21	202442	274.230	-36.710
060319	00:55:43	202035	176.379	60.038
060313	00:12:06	201487	66.625	-10.858
060312	01:36:13	201391	45.780	12.827
060306	00:49:11	200638	41.097	-2.163
060223B	19:41:05	192152	254.238	-30.812
060223A	06:04:24	192059	55.186	-17.134
060219	22:48:05	191512	241.851	32.309
060218	03:34:31	191157	50.380	16.910
060211B	15:55:15	181156	75.085	14.959
060211A	09:39:11	181126	58.381	21.489
060210	04:58:50	180977	57.727	27.015
060206	04:46:53	180455	202.933	35.046
060204B	14:34:24	180241	211.805	27.675
060203	23:55:35	180151	103.463	71.841
060202	08:40:55	179968	35.809	38.377
060124	15:54:52	178750	77.097	69.727
060123	22:22:40	Ground Analysis|20028	179.750	45.513
060117	06:50:02	177666	327.912	-59.982
060116	08:37:27	177533	84.698	-5.438
060115	13:08:01	177408	54.007	17.339
060111B	20:15:43	176918	286.456	70.380
060111A	04:23:06	176818	276.193	37.600
060110	08:01:18	176702	72.737	28.428
060109	16:54:41	176620	282.735	32.011
060108	14:39:12	176453	147.013	31.935
060105	06:49:27	175942	297.485	46.356
060102	21:17:28	175603	328.839	-1.837
051227	18:07:16	174738	125.231	31.949
051221B	20:03:20	173904	312.378	53.041
051221A	01:51:16	173780	328.715	16.888
051213	07:13:04	172516	252.084	-59.233
051210	05:46:21	171931	330.192	-57.622
051117B	13:22:54	164279	85.205	-19.286
051117A	10:51:20	164268	228.398	30.868
051114	04:11:28	163844|Ground Analysis	226.290	60.154
051113	15:22:35	163765	187.242	-26.395
051111	05:59:41	163438	348.136	18.367
051109B	08:39:39	163170	345.469	38.663
051109A	01:12:21	163136	330.316	40.850
051105A	06:26:41	162580	265.279	34.916
051021B	23:31:54	160672	126.059	-45.534
051016B	18:28:09	159994	132.123	13.629
051016A	05:23:31	159913	122.814	-18.299
051012	17:05:54	159413|Ground Analysis|20017	270.513	-52.799
051008	16:33:21	158855	202.865	42.103
051006	20:30:33	158593	110.807	9.510
051001	11:11:36	157870	350.984	-31.515
050925	09:04:34	156838	303.490	34.329
050922C	19:55:50	156467	317.383	-8.764
050922B	15:02:00	156434	5.790	-5.607
050916	16:35:52	155408	135.979	-51.406
050915B	21:23:04	155284	219.109	-67.411
050915A	11:22:42	155242	81.688	-28.014
050911	15:59:34	154630	13.710	-38.856
050908	05:42:31	154112	20.457	-12.950
050906	10:32:05	153866	52.802	-14.621
050904	01:51:44	153514	13.770	14.189
050827	18:57:15	152325	64.294	18.219
050826	06:18:10	152113	87.761	-2.658
050824	23:12:16	151905	12.264	22.602
050822	03:49:29	151486	51.106	-46.030
050820B	23:50:27	151334	135.607	-72.640
050820A	06:34:53	151207	337.416	19.560
050819	16:23:55	151131	358.751	24.871
050815	17:25:19	150532	293.584	9.139
050814	11:38:57	150314	264.196	46.324
050813	06:45:10	150139	242.001	11.244
050803	19:14:00	148833	350.650	5.788
050802	10:08:02	148646	219.283	27.799
050801	18:28:02	148522	204.144	-21.930
050730	19:58:23	148225	212.069	-3.754
050726	05:00:18	147788	200.024	-32.064
050724	12:34:09	147478	246.175	-27.526
050721	04:29:14	146970	253.453	-28.386
050717	10:30:52	146372	214.348	-50.541
050716	12:36:04	146227	338.593	38.683
050715	22:30:26	146129	155.641	-0.029
050714B	22:40:32	145994	169.691	-15.547
050713B	12:07:18	145754	307.821	60.936
050713A	04:29:02	145675	320.585	77.072
050712	14:00:28	145581	77.722	64.924
050701	11:42:59	143708	227.241	-59.399
050607	09:11:23	132247	300.180	9.139
050603	06:29:05	131560	39.982	-25.175
050528	04:06:45	130679	353.524	45.957
050525A	00:02:53	130088	278.142	26.335
050509B	04:00:19	118749	189.046	28.974
050509A	01:46:29	118707	310.573	54.076
050507	22:43:18	118248	48.063	-11.064
050505	23:22:21	117504	141.760	30.266
050502B	09:25:40	116116	142.535	16.987
050422	07:52:40	115214	324.507	55.788
050421	04:11:52	115135	307.341	73.678
050418	11:00:35	114893	44.334	-18.541
050416B	22:35:54	114797	133.848	11.186
050416A	11:04:44	114753	188.485	21.058
050412	05:44:03	114485	181.099	-1.193
050410	12:14:34	114298|114299	89.757	79.605
050406	15:58:48	113872	34.410	-50.180
050401	14:20:15	113120	247.873	2.185
050326	09:53:56	112453	6.871	-71.377
050319	09:31:18	111622	154.172	43.581
050318	15:44:37	111529	49.695	-46.386
050315	20:59:43	111063	306.476	-42.591
050306	03:33:12	107547	282.309	-9.152
050223	03:09:06	106709	271.394	-62.465
050219B	21:05:51	106442	81.306	-57.758
050219A	12:40:01	106415	166.416	-40.681
050215B	02:33:43	106107	174.463	40.797
050215A	02:15:29	106106	348.403	49.328
050202	03:35:15	104298	290.584	-38.730
050128	04:19:55	103906	219.587	-34.765
050126	12:00:54	103780	278.115	42.384
050124	11:30:03	103647	192.877	13.039
050117	12:52:36	102861	358.479	65.939
041228	10:49:14	100970	336.642	5.032
041226	20:34:19	100815	79.689	73.329
041224	20:20:58	100703	56.192	-6.663
041223	14:06:18	100585	100.204	-37.068
041220	22:58:27	100433	291.288	60.598
041219C	20:30:34	100380*	343.926	-76.744
041219B	15:38:48	100367*	167.674	-33.458
041219A	01:42:18	100307|100319	6.154	62.847
041217	07:28:25	100116*	164.793	-17.942
